producto_key,codigo_producto,fecha_origen,fecha_prediccion,demanda_actual,demanda_predicha,modelo
1,FG-0001,2025-12-01,2026-01-01,36,24,Regresion_Lineal
2,FG-0002,2025-12-01,2026-01-01,18,27,Regresion_Lineal
3,FG-0003,2025-12-01,2026-01-01,23,41,Regresion_Lineal
4,FG-0010,2025-12-01,2026-01-01,26,42,Regresion_Lineal
5,FG-0021,2025-12-01,2026-01-01,45,44,Regresion_Lineal
6,FG-0017,2025-12-01,2026-01-01,23,31,Regresion_Lineal
7,FG-0018,2025-12-01,2026-01-01,55,50,Regresion_Lineal
8,FG-0011,2025-12-01,2026-01-01,46,47,Regresion_Lineal
9,FG-0011-1,2025-12-01,2026-01-01,38,39,Regresion_Lineal
10,FG-0011-2,2025-12-01,2026-01-01,115,124,Regresion_Lineal
11,FG-0015,2025-12-01,2026-01-01,89,64,Regresion_Lineal
12,FG-0019,2025-12-01,2026-01-01,35,28,Regresion_Lineal
13,FG-0019-1,2025-12-01,2026-01-01,69,47,Regresion_Lineal
14,FG-0022,2025-12-01,2026-01-01,56,42,Regresion_Lineal
15,FG-0022-1,2025-12-01,2026-01-01,39,33,Regresion_Lineal
16,FG-0022-2,2025-12-01,2026-01-01,16,24,Regresion_Lineal
17,FG-0022-3,2025-12-01,2026-01-01,41,31,Regresion_Lineal
18,FG-0022-4,2025-12-01,2026-01-01,58,31,Regresion_Lineal
19,FG-0022-5,2025-12-01,2026-01-01,38,33,Regresion_Lineal
20,FG-0022-6,2025-12-01,2026-01-01,43,34,Regresion_Lineal
21,FG-00012,2025-12-01,2026-01-01,56,49,Regresion_Lineal
22,FG-00013,2025-12-01,2026-01-01,87,73,Regresion_Lineal
23,FG-00014,2025-12-01,2026-01-01,80,35,Regresion_Lineal
24,FG-00016,2025-12-01,2026-01-01,49,30,Regresion_Lineal
25,FG-00029,2025-12-01,2026-01-01,38,31,Regresion_Lineal
26,FG-00030,2025-12-01,2026-01-01,46,89,Regresion_Lineal
27,FG-00031,2025-12-01,2026-01-01,48,56,Regresion_Lineal
28,FG-00032,2025-12-01,2026-01-01,43,30,Regresion_Lineal
29,FG-00033,2025-12-01,2026-01-01,38,34,Regresion_Lineal
30,FG-00044,2025-12-01,2026-01-01,56,62,Regresion_Lineal
31,FG-00034,2025-12-01,2026-01-01,19,34,Regresion_Lineal
32,FG-00035,2025-12-01,2026-01-01,24,25,Regresion_Lineal
33,FG-00045,2025-12-01,2026-01-01,25,23,Regresion_Lineal
34,FG-00037,2025-12-01,2026-01-01,55,22,Regresion_Lineal
35,FG-00038,2025-12-01,2026-01-01,42,28,Regresion_Lineal
36,FG-00039,2025-12-01,2026-01-01,35,33,Regresion_Lineal
37,FG-00040,2025-12-01,2026-01-01,33,31,Regresion_Lineal
38,FG-00041,2025-12-01,2026-01-01,68,38,Regresion_Lineal
39,FG-00042,2025-12-01,2026-01-01,38,56,Regresion_Lineal
40,FG-00043,2025-12-01,2026-01-01,39,38,Regresion_Lineal
41,FG-00060,2025-12-01,2026-01-01,36,34,Regresion_Lineal
42,FG-00061,2025-12-01,2026-01-01,14,31,Regresion_Lineal
43,FG-00055,2025-12-01,2026-01-01,40,26,Regresion_Lineal
44,FG-00057,2025-12-01,2026-01-01,22,29,Regresion_Lineal
45,FG-00056,2025-12-01,2026-01-01,20,25,Regresion_Lineal
46,FG-00058,2025-12-01,2026-01-01,43,41,Regresion_Lineal
47,FG-00059,2025-12-01,2026-01-01,30,31,Regresion_Lineal
48,FG-PCOLORES,2025-12-01,2026-01-01,30,41,Regresion_Lineal
49,FG-PCOLORES-1,2025-12-01,2026-01-01,26,49,Regresion_Lineal
50,FG-00070,2025-12-01,2026-01-01,71,43,Regresion_Lineal
51,FG-00071,2025-12-01,2026-01-01,43,38,Regresion_Lineal
52,FG-00072,2025-12-01,2026-01-01,97,89,Regresion_Lineal
53,FG-00073,2025-12-01,2026-01-01,106,57,Regresion_Lineal
54,FG-00074,2025-12-01,2026-01-01,26,38,Regresion_Lineal
55,FG-00080,2025-12-01,2026-01-01,0,10,Regresion_Lineal
56,FG-00140,2025-12-01,2026-01-01,26,25,Regresion_Lineal
57,FG-00080-1,2025-12-01,2026-01-01,3,9,Regresion_Lineal
58,FG-00080-3,2025-12-01,2026-01-01,0,8,Regresion_Lineal
59,FG-00080-4,2025-12-01,2026-01-01,4,10,Regresion_Lineal
60,FG-00093,2025-12-01,2026-01-01,24,12,Regresion_Lineal
61,FG-00081,2025-12-01,2026-01-01,4,14,Regresion_Lineal
62,FG-00081-1,2025-12-01,2026-01-01,16,12,Regresion_Lineal
63,FG-00087,2025-12-01,2026-01-01,16,19,Regresion_Lineal
64,FG-00090,2025-12-01,2026-01-01,21,14,Regresion_Lineal
65,FG-00091,2025-12-01,2026-01-01,3,10,Regresion_Lineal
66,FG-00082,2025-12-01,2026-01-01,8,9,Regresion_Lineal
67,FG-00089,2025-12-01,2026-01-01,0,16,Regresion_Lineal
68,FG-00083,2025-12-01,2026-01-01,14,11,Regresion_Lineal
69,FG-00084-2,2025-12-01,2026-01-01,0,7,Regresion_Lineal
70,FG-00086-2,2025-12-01,2026-01-01,0,6,Regresion_Lineal
71,FG-00102,2025-12-01,2026-01-01,10,41,Regresion_Lineal
72,FG-00103,2025-12-01,2026-01-01,85,41,Regresion_Lineal
73,FG-00104,2025-12-01,2026-01-01,9,12,Regresion_Lineal
74,FG-00105,2025-12-01,2026-01-01,14,26,Regresion_Lineal
75,FG-00106,2025-12-01,2026-01-01,66,32,Regresion_Lineal
76,FG-00107,2025-12-01,2026-01-01,43,21,Regresion_Lineal
77,FG-00108,2025-12-01,2026-01-01,20,24,Regresion_Lineal
78,FG-00108-1,2025-12-01,2026-01-01,3,17,Regresion_Lineal
79,FG-00108-2,2025-12-01,2026-01-01,1,16,Regresion_Lineal
80,FG-00109,2025-12-01,2026-01-01,103,46,Regresion_Lineal
81,FG-00110,2025-12-01,2026-01-01,72,64,Regresion_Lineal
82,FG-00111,2025-12-01,2026-01-01,49,46,Regresion_Lineal
83,FG-00112,2025-12-01,2026-01-01,118,52,Regresion_Lineal
84,FG-00113,2025-12-01,2026-01-01,50,44,Regresion_Lineal
85,FG-00114-1,2025-12-01,2026-01-01,34,36,Regresion_Lineal
86,FG-00114,2025-12-01,2026-01-01,47,42,Regresion_Lineal
87,FG-00115,2025-12-01,2026-01-01,31,38,Regresion_Lineal
88,FG-00116,2025-12-01,2026-01-01,27,29,Regresion_Lineal
89,FG-00117,2025-12-01,2026-01-01,19,33,Regresion_Lineal
90,FG-00187,2025-12-01,2026-01-01,13,10,Regresion_Lineal
91,FG-00188,2025-12-01,2026-01-01,21,21,Regresion_Lineal
92,FG-00189,2025-12-01,2026-01-01,3,29,Regresion_Lineal
93,FG-00190,2025-12-01,2026-01-01,20,20,Regresion_Lineal
94,FG-00191,2025-12-01,2026-01-01,17,17,Regresion_Lineal
95,FG-00192,2025-12-01,2026-01-01,12,15,Regresion_Lineal
96,FG-00193,2025-12-01,2026-01-01,15,17,Regresion_Lineal
97,FG-00194,2025-12-01,2026-01-01,12,16,Regresion_Lineal
98,FG-00195,2025-12-01,2026-01-01,8,23,Regresion_Lineal
99,FV-00196,2025-12-01,2026-01-01,23,21,Regresion_Lineal
100,FV-00197,2025-12-01,2026-01-01,42,20,Regresion_Lineal
101,FV-00198,2025-12-01,2026-01-01,9,16,Regresion_Lineal
102,FV-00199,2025-12-01,2026-01-01,7,19,Regresion_Lineal
103,FV-00200,2025-12-01,2026-01-01,9,15,Regresion_Lineal
104,FV-00201,2025-12-01,2026-01-01,6,21,Regresion_Lineal
105,FG-00202,2025-12-01,2026-01-01,8,20,Regresion_Lineal
106,FG-00203,2025-12-01,2026-01-01,36,19,Regresion_Lineal
107,FG-00204,2025-12-01,2026-01-01,0,13,Regresion_Lineal
108,FG-00205,2025-12-01,2026-01-01,12,21,Regresion_Lineal
109,FG-00206,2025-12-01,2026-01-01,24,20,Regresion_Lineal
110,FG-00207,2025-12-01,2026-01-01,43,19,Regresion_Lineal
111,FG-00208,2025-12-01,2026-01-01,2,13,Regresion_Lineal
112,FG-00130,2025-12-01,2026-01-01,8,18,Regresion_Lineal
113,FG-00137,2025-12-01,2026-01-01,14,37,Regresion_Lineal
114,FG-00138,2025-12-01,2026-01-01,19,21,Regresion_Lineal
115,FG-00146,2025-12-01,2026-01-01,18,28,Regresion_Lineal
116,FG-00139,2025-12-01,2026-01-01,33,33,Regresion_Lineal
117,FG-00141,2025-12-01,2026-01-01,8,22,Regresion_Lineal
118,FG-00145,2025-12-01,2026-01-01,2,12,Regresion_Lineal
119,FG-00142,2025-12-01,2026-01-01,8,33,Regresion_Lineal
120,FG-00143,2025-12-01,2026-01-01,33,25,Regresion_Lineal
121,FG-00153,2025-12-01,2026-01-01,12,20,Regresion_Lineal
122,FG-00154,2025-12-01,2026-01-01,35,16,Regresion_Lineal
123,FG-00155,2025-12-01,2026-01-01,8,28,Regresion_Lineal
124,FG-00155-1,2025-12-01,2026-01-01,33,29,Regresion_Lineal
125,FG-00152,2025-12-01,2026-01-01,16,28,Regresion_Lineal
126,FG-00156,2025-12-01,2026-01-01,51,74,Regresion_Lineal
127,FG-00157,2025-12-01,2026-01-01,21,41,Regresion_Lineal
128,FG-00158,2025-12-01,2026-01-01,29,29,Regresion_Lineal
129,FG-00159,2025-12-01,2026-01-01,28,29,Regresion_Lineal
130,FG-00169,2025-12-01,2026-01-01,49,25,Regresion_Lineal
131,FG-00170,2025-12-01,2026-01-01,14,26,Regresion_Lineal
132,FG-00160,2025-12-01,2026-01-01,68,69,Regresion_Lineal
133,FG-00161,2025-12-01,2026-01-01,76,43,Regresion_Lineal
134,FG-00162,2025-12-01,2026-01-01,97,73,Regresion_Lineal
135,FG-00163,2025-12-01,2026-01-01,57,40,Regresion_Lineal
136,FG-00164,2025-12-01,2026-01-01,57,47,Regresion_Lineal
137,FG-00165,2025-12-01,2026-01-01,15,26,Regresion_Lineal
138,FG-00166,2025-12-01,2026-01-01,34,23,Regresion_Lineal
139,FG-00167,2025-12-01,2026-01-01,26,21,Regresion_Lineal
140,FG-00168,2025-12-01,2026-01-01,33,18,Regresion_Lineal
141,FG-00231,2025-12-01,2026-01-01,55,52,Regresion_Lineal
142,FG-00232,2025-12-01,2026-01-01,45,44,Regresion_Lineal
143,FG-00233,2025-12-01,2026-01-01,60,66,Regresion_Lineal
144,FG-00234,2025-12-01,2026-01-01,41,48,Regresion_Lineal
145,FG-00235,2025-12-01,2026-01-01,31,41,Regresion_Lineal
146,FG-00236,2025-12-01,2026-01-01,25,41,Regresion_Lineal
147,FG-00237,2025-12-01,2026-01-01,44,32,Regresion_Lineal
148,FG-00238,2025-12-01,2026-01-01,79,39,Regresion_Lineal
149,FG-00239,2025-12-01,2026-01-01,1,29,Regresion_Lineal
150,FG-00240,2025-12-01,2026-01-01,38,29,Regresion_Lineal
151,FG-00241,2025-12-01,2026-01-01,23,25,Regresion_Lineal
152,FG-00242,2025-12-01,2026-01-01,43,36,Regresion_Lineal
153,FG-00243,2025-12-01,2026-01-01,23,31,Regresion_Lineal
154,FG-00244,2025-12-01,2026-01-01,64,42,Regresion_Lineal
155,FG-00245,2025-12-01,2026-01-01,62,46,Regresion_Lineal
156,FG-00246,2025-12-01,2026-01-01,16,46,Regresion_Lineal
157,FG-00247,2025-12-01,2026-01-01,36,37,Regresion_Lineal
158,FG-00248,2025-12-01,2026-01-01,26,44,Regresion_Lineal
159,FG-00300,2025-12-01,2026-01-01,19,34,Regresion_Lineal
160,FG-00300-1,2025-12-01,2026-01-01,57,33,Regresion_Lineal
161,FG-00301,2025-12-01,2026-01-01,56,30,Regresion_Lineal
162,FG-00301-1,2025-12-01,2026-01-01,27,26,Regresion_Lineal
163,FG-00302,2025-12-01,2026-01-01,30,42,Regresion_Lineal
164,FG-00303,2025-12-01,2026-01-01,71,94,Regresion_Lineal
165,FG-00330,2025-12-01,2026-01-01,18,44,Regresion_Lineal
166,FG-00331,2025-12-01,2026-01-01,20,31,Regresion_Lineal
167,FG-00332,2025-12-01,2026-01-01,83,34,Regresion_Lineal
168,FG-00333,2025-12-01,2026-01-01,50,29,Regresion_Lineal
169,FG-00334,2025-12-01,2026-01-01,8,34,Regresion_Lineal
170,FG-00335,2025-12-01,2026-01-01,62,40,Regresion_Lineal
171,FG-00336,2025-12-01,2026-01-01,69,40,Regresion_Lineal
172,FG-00340,2025-12-01,2026-01-01,33,36,Regresion_Lineal
173,FG-00341,2025-12-01,2026-01-01,9,28,Regresion_Lineal
174,FG-00342,2025-12-01,2026-01-01,26,33,Regresion_Lineal
175,FG-00343,2025-12-01,2026-01-01,28,18,Regresion_Lineal
176,FG-00344,2025-12-01,2026-01-01,29,21,Regresion_Lineal
177,FG-00360,2025-12-01,2026-01-01,8,26,Regresion_Lineal
178,FG-00361,2025-12-01,2026-01-01,16,29,Regresion_Lineal
179,FG-00362,2025-12-01,2026-01-01,3,21,Regresion_Lineal
180,FG-00363,2025-12-01,2026-01-01,37,21,Regresion_Lineal
181,FG-00364,2025-12-01,2026-01-01,0,9,Regresion_Lineal
182,FG-00370,2025-12-01,2026-01-01,15,30,Regresion_Lineal
183,FG-00371,2025-12-01,2026-01-01,33,26,Regresion_Lineal
184,FG-00372,2025-12-01,2026-01-01,29,31,Regresion_Lineal
185,FG-00373,2025-12-01,2026-01-01,34,25,Regresion_Lineal
186,FG-00354,2025-12-01,2026-01-01,96,74,Regresion_Lineal
187,FG-00355,2025-12-01,2026-01-01,38,48,Regresion_Lineal
188,FG-00356,2025-12-01,2026-01-01,9,29,Regresion_Lineal
189,FG-00359,2025-12-01,2026-01-01,40,43,Regresion_Lineal
190,FG-00357,2025-12-01,2026-01-01,65,46,Regresion_Lineal
191,FG-00400,2025-12-01,2026-01-01,144,84,Regresion_Lineal
192,FG-00401,2025-12-01,2026-01-01,49,88,Regresion_Lineal
193,FG-00402,2025-12-01,2026-01-01,46,44,Regresion_Lineal
194,FG-00403,2025-12-01,2026-01-01,154,101,Regresion_Lineal
195,FG-00404,2025-12-01,2026-01-01,22,16,Regresion_Lineal
196,FG-00405,2025-12-01,2026-01-01,14,30,Regresion_Lineal
197,FG-00406,2025-12-01,2026-01-01,69,61,Regresion_Lineal
198,FG-00407,2025-12-01,2026-01-01,74,65,Regresion_Lineal
199,FG-00430,2025-12-01,2026-01-01,55,60,Regresion_Lineal
200,FG-00431,2025-12-01,2026-01-01,22,29,Regresion_Lineal
201,FG-00550,2025-12-01,2026-01-01,72,63,Regresion_Lineal
202,FG-00551,2025-12-01,2026-01-01,74,68,Regresion_Lineal
203,FG-00552,2025-12-01,2026-01-01,57,56,Regresion_Lineal
204,FG-00553,2025-12-01,2026-01-01,55,35,Regresion_Lineal
205,FG-00554,2025-12-01,2026-01-01,83,37,Regresion_Lineal
206,FG-00577,2025-12-01,2026-01-01,36,24,Regresion_Lineal
207,FG-00576,2025-12-01,2026-01-01,31,22,Regresion_Lineal
208,FG-00571,2025-12-01,2026-01-01,51,45,Regresion_Lineal
209,FG-00571-1,2025-12-01,2026-01-01,36,43,Regresion_Lineal
210,FG-00571-2,2025-12-01,2026-01-01,53,56,Regresion_Lineal
211,FG-00571-3,2025-12-01,2026-01-01,40,36,Regresion_Lineal
212,FG-00571-4,2025-12-01,2026-01-01,38,51,Regresion_Lineal
213,FG-00571-5,2025-12-01,2026-01-01,51,35,Regresion_Lineal
214,FG-00571-6,2025-12-01,2026-01-01,69,39,Regresion_Lineal
215,FG-00571-7,2025-12-01,2026-01-01,67,54,Regresion_Lineal
216,FG-00571-8,2025-12-01,2026-01-01,14,44,Regresion_Lineal
217,FG-00571-9,2025-12-01,2026-01-01,31,40,Regresion_Lineal
218,FG-00571-10,2025-12-01,2026-01-01,72,49,Regresion_Lineal
219,FG-00571-11,2025-12-01,2026-01-01,18,38,Regresion_Lineal
220,FG-00555,2025-12-01,2026-01-01,93,53,Regresion_Lineal
221,FG-00565,2025-12-01,2026-01-01,29,43,Regresion_Lineal
222,FG-00569,2025-12-01,2026-01-01,42,38,Regresion_Lineal
223,FG-00570,2025-12-01,2026-01-01,24,31,Regresion_Lineal
224,FG-00570-1,2025-12-01,2026-01-01,40,30,Regresion_Lineal
225,FG-00700,2025-12-01,2026-01-01,45,49,Regresion_Lineal
226,FG-00701,2025-12-01,2026-01-01,31,42,Regresion_Lineal
227,FG-00701-1,2025-12-01,2026-01-01,86,41,Regresion_Lineal
228,FG-00702,2025-12-01,2026-01-01,94,55,Regresion_Lineal
229,FG-00703,2025-12-01,2026-01-01,10,42,Regresion_Lineal
230,FG-00711,2025-12-01,2026-01-01,47,39,Regresion_Lineal
231,FG-00711-1,2025-12-01,2026-01-01,20,30,Regresion_Lineal
232,FG-00711-2,2025-12-01,2026-01-01,18,28,Regresion_Lineal
233,FG-00711-3,2025-12-01,2026-01-01,31,31,Regresion_Lineal
234,FG-00711-4,2025-12-01,2026-01-01,45,27,Regresion_Lineal
235,FG-00711-5,2025-12-01,2026-01-01,44,32,Regresion_Lineal
236,FG-00711-6,2025-12-01,2026-01-01,29,26,Regresion_Lineal
237,FG-00704,2025-12-01,2026-01-01,49,64,Regresion_Lineal
238,FG-00705,2025-12-01,2026-01-01,17,35,Regresion_Lineal
239,FG-00706,2025-12-01,2026-01-01,57,38,Regresion_Lineal
240,FG-00707,2025-12-01,2026-01-01,61,39,Regresion_Lineal
241,FG-00708,2025-12-01,2026-01-01,47,49,Regresion_Lineal
242,FG-00709,2025-12-01,2026-01-01,38,47,Regresion_Lineal
243,FG-00710,2025-12-01,2026-01-01,43,54,Regresion_Lineal
244,FG-00712,2025-12-01,2026-01-01,84,42,Regresion_Lineal
245,FG-00713,2025-12-01,2026-01-01,77,52,Regresion_Lineal
246,FG-00730,2025-12-01,2026-01-01,61,69,Regresion_Lineal
247,FG-00731,2025-12-01,2026-01-01,56,54,Regresion_Lineal
248,FG-00732,2025-12-01,2026-01-01,72,74,Regresion_Lineal
249,FG-00733,2025-12-01,2026-01-01,61,70,Regresion_Lineal
250,FG-00734,2025-12-01,2026-01-01,51,51,Regresion_Lineal
251,FG-00735,2025-12-01,2026-01-01,72,44,Regresion_Lineal
252,FG-00736,2025-12-01,2026-01-01,120,83,Regresion_Lineal
253,FG-00556,2025-12-01,2026-01-01,71,74,Regresion_Lineal
254,FG-00557,2025-12-01,2026-01-01,43,49,Regresion_Lineal
255,FG-00558,2025-12-01,2026-01-01,57,53,Regresion_Lineal
256,FG-00559,2025-12-01,2026-01-01,32,59,Regresion_Lineal
257,FG-00559-1,2025-12-01,2026-01-01,19,21,Regresion_Lineal
258,FG-00573,2025-12-01,2026-01-01,41,66,Regresion_Lineal
259,FG-00574,2025-12-01,2026-01-01,37,26,Regresion_Lineal
260,FG-00575,2025-12-01,2026-01-01,32,27,Regresion_Lineal
261,FG-00560,2025-12-01,2026-01-01,110,84,Regresion_Lineal
262,FG-00561,2025-12-01,2026-01-01,99,74,Regresion_Lineal
263,FG-00562,2025-12-01,2026-01-01,94,50,Regresion_Lineal
264,FG-00563,2025-12-01,2026-01-01,60,60,Regresion_Lineal
265,FG-00564,2025-12-01,2026-01-01,11,28,Regresion_Lineal
266,FG-00899,2025-12-01,2026-01-01,107,61,Regresion_Lineal
267,FG-00900,2025-12-01,2026-01-01,5,10,Regresion_Lineal
268,FG-00901,2025-12-01,2026-01-01,98,78,Regresion_Lineal
269,FG-00902,2025-12-01,2026-01-01,51,55,Regresion_Lineal
270,FG-00903,2025-12-01,2026-01-01,36,55,Regresion_Lineal
271,FG-00897,2025-12-01,2026-01-01,140,63,Regresion_Lineal
272,FG-00904,2025-12-01,2026-01-01,43,45,Regresion_Lineal
273,FG-00898,2025-12-01,2026-01-01,28,46,Regresion_Lineal
274,FG-00896,2025-12-01,2026-01-01,89,53,Regresion_Lineal
275,FG-00905,2025-12-01,2026-01-01,148,70,Regresion_Lineal
276,FG-00905-1,2025-12-01,2026-01-01,71,73,Regresion_Lineal
277,FG-00906,2025-12-01,2026-01-01,69,41,Regresion_Lineal
278,FG-00906-1,2025-12-01,2026-01-01,42,46,Regresion_Lineal
279,FG-00907,2025-12-01,2026-01-01,84,55,Regresion_Lineal
280,FG-00907-1,2025-12-01,2026-01-01,61,41,Regresion_Lineal
281,FG-00908,2025-12-01,2026-01-01,15,47,Regresion_Lineal
282,FG-00908-1,2025-12-01,2026-01-01,32,44,Regresion_Lineal
283,FG-00909,2025-12-01,2026-01-01,66,43,Regresion_Lineal
284,FG-00909-1,2025-12-01,2026-01-01,47,27,Regresion_Lineal
285,FG-00912,2025-12-01,2026-01-01,6,32,Regresion_Lineal
286,FG-01305,2025-12-01,2026-01-01,8,9,Regresion_Lineal
287,FG-01350,2025-12-01,2026-01-01,24,51,Regresion_Lineal
288,FG-01351,2025-12-01,2026-01-01,68,49,Regresion_Lineal
289,FG-01352,2025-12-01,2026-01-01,17,27,Regresion_Lineal
290,FG-01450,2025-12-01,2026-01-01,50,43,Regresion_Lineal
291,FG-01450-1,2025-12-01,2026-01-01,76,43,Regresion_Lineal
292,FG-01450-2,2025-12-01,2026-01-01,60,54,Regresion_Lineal
293,FG-01450-3,2025-12-01,2026-01-01,93,53,Regresion_Lineal
294,FG-01450-4,2025-12-01,2026-01-01,25,59,Regresion_Lineal
295,FG-01450-5,2025-12-01,2026-01-01,19,41,Regresion_Lineal
296,FG-01450-6,2025-12-01,2026-01-01,66,61,Regresion_Lineal
297,FG-01450-7,2025-12-01,2026-01-01,41,47,Regresion_Lineal
298,FG-01450-8,2025-12-01,2026-01-01,101,54,Regresion_Lineal
299,FG-01450-9,2025-12-01,2026-01-01,106,51,Regresion_Lineal
300,FG-01451-0,2025-12-01,2026-01-01,30,47,Regresion_Lineal
301,FG-01451,2025-12-01,2026-01-01,34,40,Regresion_Lineal
302,FG-01451-1,2025-12-01,2026-01-01,32,34,Regresion_Lineal
303,FG-01451-2,2025-12-01,2026-01-01,97,68,Regresion_Lineal
304,FG-01451-3,2025-12-01,2026-01-01,44,34,Regresion_Lineal
305,FG-01451-4,2025-12-01,2026-01-01,32,41,Regresion_Lineal
306,FG-01451-16,2025-12-01,2026-01-01,21,36,Regresion_Lineal
307,FG-01451-17,2025-12-01,2026-01-01,21,30,Regresion_Lineal
308,FG-01451-18,2025-12-01,2026-01-01,11,39,Regresion_Lineal
309,FG-01451-19,2025-12-01,2026-01-01,52,39,Regresion_Lineal
310,FG-01451-20,2025-12-01,2026-01-01,67,40,Regresion_Lineal
311,FG-01451-21,2025-12-01,2026-01-01,38,23,Regresion_Lineal
312,FG-01451-22,2025-12-01,2026-01-01,66,27,Regresion_Lineal
313,FG-01451-23,2025-12-01,2026-01-01,29,35,Regresion_Lineal
314,FG-01451-24,2025-12-01,2026-01-01,28,29,Regresion_Lineal
315,FG-01451-25,2025-12-01,2026-01-01,41,38,Regresion_Lineal
316,FG-01451-26,2025-12-01,2026-01-01,56,27,Regresion_Lineal
317,FG-01451-27,2025-12-01,2026-01-01,42,29,Regresion_Lineal
318,FG-01451-28,2025-12-01,2026-01-01,31,33,Regresion_Lineal
319,FG-01452,2025-12-01,2026-01-01,41,53,Regresion_Lineal
320,FG-01453,2025-12-01,2026-01-01,46,54,Regresion_Lineal
321,FG-01454-1,2025-12-01,2026-01-01,61,45,Regresion_Lineal
322,FG-01454-2,2025-12-01,2026-01-01,13,34,Regresion_Lineal
323,FG-01454-3,2025-12-01,2026-01-01,28,33,Regresion_Lineal
324,FG-01454-4,2025-12-01,2026-01-01,37,39,Regresion_Lineal
325,FG-01454-5,2025-12-01,2026-01-01,12,29,Regresion_Lineal
326,FG-01454-6,2025-12-01,2026-01-01,33,35,Regresion_Lineal
327,FG-01454-7,2025-12-01,2026-01-01,31,32,Regresion_Lineal
328,FG-01454-8,2025-12-01,2026-01-01,9,34,Regresion_Lineal
329,FG-01454-9,2025-12-01,2026-01-01,51,29,Regresion_Lineal
330,FG-01454-10,2025-12-01,2026-01-01,30,33,Regresion_Lineal
331,FG-01454-11,2025-12-01,2026-01-01,15,27,Regresion_Lineal
332,FG-01454-12,2025-12-01,2026-01-01,22,36,Regresion_Lineal
333,FG-01454-13,2025-12-01,2026-01-01,19,29,Regresion_Lineal
334,FG-01454-14,2025-12-01,2026-01-01,16,28,Regresion_Lineal
335,FG-01454-15,2025-12-01,2026-01-01,87,35,Regresion_Lineal
336,FG-01454-16,2025-12-01,2026-01-01,17,30,Regresion_Lineal
337,FG-01454-17,2025-12-01,2026-01-01,85,27,Regresion_Lineal
338,FG-01454-18,2025-12-01,2026-01-01,21,25,Regresion_Lineal
339,FG-MCUB0,2025-12-01,2026-01-01,50,41,Regresion_Lineal
340,FG-MCUB01,2025-12-01,2026-01-01,46,31,Regresion_Lineal
341,FG-MCUB02,2025-12-01,2026-01-01,98,44,Regresion_Lineal
342,FG-MCUB03,2025-12-01,2026-01-01,33,30,Regresion_Lineal
343,FG-MCUB04,2025-12-01,2026-01-01,85,36,Regresion_Lineal
344,FG-MCUB05,2025-12-01,2026-01-01,30,32,Regresion_Lineal
345,FG-MCUB06,2025-12-01,2026-01-01,40,29,Regresion_Lineal
346,FG-MCUB07,2025-12-01,2026-01-01,11,37,Regresion_Lineal
347,FG-MCUB08,2025-12-01,2026-01-01,19,34,Regresion_Lineal
348,FG-MCUB09,2025-12-01,2026-01-01,35,23,Regresion_Lineal
349,FG-MCUB010,2025-12-01,2026-01-01,56,35,Regresion_Lineal
350,FG-MCUB011,2025-12-01,2026-01-01,12,23,Regresion_Lineal
351,FG-MCUB012,2025-12-01,2026-01-01,30,25,Regresion_Lineal
352,FG-MCUB013,2025-12-01,2026-01-01,41,30,Regresion_Lineal
353,FG-MLIS01,2025-12-01,2026-01-01,69,36,Regresion_Lineal
354,FG-MLIS02,2025-12-01,2026-01-01,31,38,Regresion_Lineal
355,FG-MLIS03,2025-12-01,2026-01-01,63,30,Regresion_Lineal
356,FG-MLIS04,2025-12-01,2026-01-01,43,39,Regresion_Lineal
357,FG-MLIS05,2025-12-01,2026-01-01,27,22,Regresion_Lineal
358,FG-MLIS06,2025-12-01,2026-01-01,39,38,Regresion_Lineal
359,FG-MLIS07,2025-12-01,2026-01-01,34,25,Regresion_Lineal
360,FG-MLIS08,2025-12-01,2026-01-01,35,30,Regresion_Lineal
361,FG-MLIS09,2025-12-01,2026-01-01,28,33,Regresion_Lineal
362,FG-MLIS010,2025-12-01,2026-01-01,28,31,Regresion_Lineal
363,FG-MLIS011,2025-12-01,2026-01-01,34,31,Regresion_Lineal
364,FG-MLIS012,2025-12-01,2026-01-01,27,34,Regresion_Lineal
365,FG-MCAT,2025-12-01,2026-01-01,58,41,Regresion_Lineal
366,FG-MCAT1,2025-12-01,2026-01-01,53,31,Regresion_Lineal
367,FG-MCAT2,2025-12-01,2026-01-01,59,28,Regresion_Lineal
368,FG-MCAT3,2025-12-01,2026-01-01,22,37,Regresion_Lineal
369,FG-MCAT4,2025-12-01,2026-01-01,33,43,Regresion_Lineal
370,FG-MCAT5,2025-12-01,2026-01-01,46,36,Regresion_Lineal
371,FG-MCAT6,2025-12-01,2026-01-01,95,35,Regresion_Lineal
372,FG-MCAT7,2025-12-01,2026-01-01,33,34,Regresion_Lineal
373,FG-MCAT8,2025-12-01,2026-01-01,31,24,Regresion_Lineal
374,FG-MCAT9,2025-12-01,2026-01-01,33,37,Regresion_Lineal
375,FG-MCAT10,2025-12-01,2026-01-01,93,36,Regresion_Lineal
376,FG-MCAT11,2025-12-01,2026-01-01,21,27,Regresion_Lineal
377,FG-MCAT12,2025-12-01,2026-01-01,18,37,Regresion_Lineal
378,MLCA3,2025-12-01,2026-01-01,32,18,Regresion_Lineal
379,FG-CGOF1,2025-12-01,2026-01-01,26,35,Regresion_Lineal
380,FG-CGOF2,2025-12-01,2026-01-01,76,45,Regresion_Lineal
381,FG-CGOF3,2025-12-01,2026-01-01,13,39,Regresion_Lineal
382,FG-CGOF4,2025-12-01,2026-01-01,47,26,Regresion_Lineal
383,FG-CGOF5,2025-12-01,2026-01-01,29,37,Regresion_Lineal
384,FG-CGOF6,2025-12-01,2026-01-01,17,37,Regresion_Lineal
385,FG-CGOF7,2025-12-01,2026-01-01,51,48,Regresion_Lineal
386,FG-CGOF8,2025-12-01,2026-01-01,71,47,Regresion_Lineal
387,FG-CGOF9,2025-12-01,2026-01-01,44,35,Regresion_Lineal
388,FG-CGOF10,2025-12-01,2026-01-01,44,43,Regresion_Lineal
389,FG-CGOF11,2025-12-01,2026-01-01,19,24,Regresion_Lineal
390,FG-CGOF12,2025-12-01,2026-01-01,38,39,Regresion_Lineal
391,FG-CGOF13,2025-12-01,2026-01-01,6,27,Regresion_Lineal
392,FG-CGOF14,2025-12-01,2026-01-01,24,33,Regresion_Lineal
393,FG-CGOF15,2025-12-01,2026-01-01,27,33,Regresion_Lineal
394,FG-CGOF16,2025-12-01,2026-01-01,55,30,Regresion_Lineal
395,FG-CLIS010,2025-12-01,2026-01-01,83,41,Regresion_Lineal
396,FG-CLIS03,2025-12-01,2026-01-01,45,31,Regresion_Lineal
397,FG-CLIS02,2025-12-01,2026-01-01,14,36,Regresion_Lineal
398,FG-CLIS015,2025-12-01,2026-01-01,56,28,Regresion_Lineal
399,FG-CLIS013,2025-12-01,2026-01-01,48,28,Regresion_Lineal
400,FG-CLIS04,2025-12-01,2026-01-01,57,39,Regresion_Lineal
401,FG-CLIS09,2025-12-01,2026-01-01,62,33,Regresion_Lineal
402,FG-CLIS012,2025-12-01,2026-01-01,44,32,Regresion_Lineal
403,FG-CLIS07,2025-12-01,2026-01-01,44,47,Regresion_Lineal
404,FG-CLIS01,2025-12-01,2026-01-01,53,39,Regresion_Lineal
